region,planning_year,reserve_margin
p1,2025,0.163
p1,2026,0.158
p1,2027,0.159
p1,2028,0.154
p1,2029,0.147
p1,2030,0.145
p1,2031,0.143
p1,2032,0.142
p1,2033,0.144
p1,2034,0.138
p1,2035,0.138
p1,2036,0.138
p1,2037,0.138
p1,2038,0.138
p1,2039,0.138
p1,2040,0.138
p1,2041,0.138
p1,2042,0.138
p1,2043,0.138
p1,2044,0.138
p1,2045,0.138
p1,2046,0.138
p1,2047,0.138
p1,2048,0.138
p1,2049,0.138
p1,2050,0.138
p10,2025,0.174
p10,2026,0.174
p10,2027,0.164
p10,2028,0.174
p10,2029,0.166
p10,2030,0.164
p10,2031,0.161
p10,2032,0.163
p10,2033,0.149
p10,2034,0.153
p10,2035,0.153
p10,2036,0.153
p10,2037,0.153
p10,2038,0.153
p10,2039,0.153
p10,2040,0.153
p10,2041,0.153
p10,2042,0.153
p10,2043,0.153
p10,2044,0.153
p10,2045,0.153
p10,2046,0.153
p10,2047,0.153
p10,2048,0.153
p10,2049,0.153
p10,2050,0.153
p100,2025,0.177
p100,2026,0.177
p100,2027,0.176
p100,2028,0.176
p100,2029,0.176
p100,2030,0.176
p100,2031,0.176
p100,2032,0.176
p100,2033,0.176
p100,2034,0.176
p100,2035,0.176
p100,2036,0.176
p100,2037,0.176
p100,2038,0.176
p100,2039,0.176
p100,2040,0.176
p100,2041,0.176
p100,2042,0.176
p100,2043,0.176
p100,2044,0.176
p100,2045,0.176
p100,2046,0.176
p100,2047,0.176
p100,2048,0.176
p100,2049,0.176
p100,2050,0.176
p101,2025,0.15
p101,2026,0.15
p101,2027,0.15
p101,2028,0.15
p101,2029,0.15
p101,2030,0.15
p101,2031,0.15
p101,2032,0.15
p101,2033,0.15
p101,2034,0.15
p101,2035,0.15
p101,2036,0.15
p101,2037,0.15
p101,2038,0.15
p101,2039,0.15
p101,2040,0.15
p101,2041,0.15
p101,2042,0.15
p101,2043,0.15
p101,2044,0.15
p101,2045,0.15
p101,2046,0.15
p101,2047,0.15
p101,2048,0.15
p101,2049,0.15
p101,2050,0.15
p102,2025,0.15
p102,2026,0.15
p102,2027,0.15
p102,2028,0.15
p102,2029,0.15
p102,2030,0.15
p102,2031,0.15
p102,2032,0.15
p102,2033,0.15
p102,2034,0.15
p102,2035,0.15
p102,2036,0.15
p102,2037,0.15
p102,2038,0.15
p102,2039,0.15
p102,2040,0.15
p102,2041,0.15
p102,2042,0.15
p102,2043,0.15
p102,2044,0.15
p102,2045,0.15
p102,2046,0.15
p102,2047,0.15
p102,2048,0.15
p102,2049,0.15
p102,2050,0.15
p103,2025,0.092
p103,2026,0.094
p103,2027,0.096
p103,2028,0.095
p103,2029,0.094
p103,2030,0.094
p103,2031,0.095
p103,2032,0.096
p103,2033,0.097
p103,2034,0.097
p103,2035,0.097
p103,2036,0.097
p103,2037,0.097
p103,2038,0.097
p103,2039,0.097
p103,2040,0.097
p103,2041,0.097
p103,2042,0.097
p103,2043,0.097
p103,2044,0.097
p103,2045,0.097
p103,2046,0.097
p103,2047,0.097
p103,2048,0.097
p103,2049,0.097
p103,2050,0.097
p104,2025,0.177
p104,2026,0.177
p104,2027,0.176
p104,2028,0.176
p104,2029,0.176
p104,2030,0.176
p104,2031,0.176
p104,2032,0.176
p104,2033,0.176
p104,2034,0.176
p104,2035,0.176
p104,2036,0.176
p104,2037,0.176
p104,2038,0.176
p104,2039,0.176
p104,2040,0.176
p104,2041,0.176
p104,2042,0.176
p104,2043,0.176
p104,2044,0.176
p104,2045,0.176
p104,2046,0.176
p104,2047,0.176
p104,2048,0.176
p104,2049,0.176
p104,2050,0.176
p105,2025,0.092
p105,2026,0.094
p105,2027,0.096
p105,2028,0.095
p105,2029,0.094
p105,2030,0.094
p105,2031,0.095
p105,2032,0.096
p105,2033,0.097
p105,2034,0.097
p105,2035,0.097
p105,2036,0.097
p105,2037,0.097
p105,2038,0.097
p105,2039,0.097
p105,2040,0.097
p105,2041,0.097
p105,2042,0.097
p105,2043,0.097
p105,2044,0.097
p105,2045,0.097
p105,2046,0.097
p105,2047,0.097
p105,2048,0.097
p105,2049,0.097
p105,2050,0.097
p106,2025,0.092
p106,2026,0.094
p106,2027,0.096
p106,2028,0.095
p106,2029,0.094
p106,2030,0.094
p106,2031,0.095
p106,2032,0.096
p106,2033,0.097
p106,2034,0.097
p106,2035,0.097
p106,2036,0.097
p106,2037,0.097
p106,2038,0.097
p106,2039,0.097
p106,2040,0.097
p106,2041,0.097
p106,2042,0.097
p106,2043,0.097
p106,2044,0.097
p106,2045,0.097
p106,2046,0.097
p106,2047,0.097
p106,2048,0.097
p106,2049,0.097
p106,2050,0.097
p107,2025,0.092
p107,2026,0.094
p107,2027,0.096
p107,2028,0.095
p107,2029,0.094
p107,2030,0.094
p107,2031,0.095
p107,2032,0.096
p107,2033,0.097
p107,2034,0.097
p107,2035,0.097
p107,2036,0.097
p107,2037,0.097
p107,2038,0.097
p107,2039,0.097
p107,2040,0.097
p107,2041,0.097
p107,2042,0.097
p107,2043,0.097
p107,2044,0.097
p107,2045,0.097
p107,2046,0.097
p107,2047,0.097
p107,2048,0.097
p107,2049,0.097
p107,2050,0.097
p108,2025,0.092
p108,2026,0.094
p108,2027,0.096
p108,2028,0.095
p108,2029,0.094
p108,2030,0.094
p108,2031,0.095
p108,2032,0.096
p108,2033,0.097
p108,2034,0.097
p108,2035,0.097
p108,2036,0.097
p108,2037,0.097
p108,2038,0.097
p108,2039,0.097
p108,2040,0.097
p108,2041,0.097
p108,2042,0.097
p108,2043,0.097
p108,2044,0.097
p108,2045,0.097
p108,2046,0.097
p108,2047,0.097
p108,2048,0.097
p108,2049,0.097
p108,2050,0.097
p109,2025,0.177
p109,2026,0.177
p109,2027,0.176
p109,2028,0.176
p109,2029,0.176
p109,2030,0.176
p109,2031,0.176
p109,2032,0.176
p109,2033,0.176
p109,2034,0.176
p109,2035,0.176
p109,2036,0.176
p109,2037,0.176
p109,2038,0.176
p109,2039,0.176
p109,2040,0.176
p109,2041,0.176
p109,2042,0.176
p109,2043,0.176
p109,2044,0.176
p109,2045,0.176
p109,2046,0.176
p109,2047,0.176
p109,2048,0.176
p109,2049,0.176
p109,2050,0.176
p11,2025,0.174
p11,2026,0.174
p11,2027,0.164
p11,2028,0.174
p11,2029,0.166
p11,2030,0.164
p11,2031,0.161
p11,2032,0.163
p11,2033,0.149
p11,2034,0.153
p11,2035,0.153
p11,2036,0.153
p11,2037,0.153
p11,2038,0.153
p11,2039,0.153
p11,2040,0.153
p11,2041,0.153
p11,2042,0.153
p11,2043,0.153
p11,2044,0.153
p11,2045,0.153
p11,2046,0.153
p11,2047,0.153
p11,2048,0.153
p11,2049,0.153
p11,2050,0.153
p110,2025,0.177
p110,2026,0.177
p110,2027,0.176
p110,2028,0.176
p110,2029,0.176
p110,2030,0.176
p110,2031,0.176
p110,2032,0.176
p110,2033,0.176
p110,2034,0.176
p110,2035,0.176
p110,2036,0.176
p110,2037,0.176
p110,2038,0.176
p110,2039,0.176
p110,2040,0.176
p110,2041,0.176
p110,2042,0.176
p110,2043,0.176
p110,2044,0.176
p110,2045,0.176
p110,2046,0.176
p110,2047,0.176
p110,2048,0.176
p110,2049,0.176
p110,2050,0.176
p111,2025,0.177
p111,2026,0.177
p111,2027,0.176
p111,2028,0.176
p111,2029,0.176
p111,2030,0.176
p111,2031,0.176
p111,2032,0.176
p111,2033,0.176
p111,2034,0.176
p111,2035,0.176
p111,2036,0.176
p111,2037,0.176
p111,2038,0.176
p111,2039,0.176
p111,2040,0.176
p111,2041,0.176
p111,2042,0.176
p111,2043,0.176
p111,2044,0.176
p111,2045,0.176
p111,2046,0.176
p111,2047,0.176
p111,2048,0.176
p111,2049,0.176
p111,2050,0.176
p112,2025,0.177
p112,2026,0.177
p112,2027,0.176
p112,2028,0.176
p112,2029,0.176
p112,2030,0.176
p112,2031,0.176
p112,2032,0.176
p112,2033,0.176
p112,2034,0.176
p112,2035,0.176
p112,2036,0.176
p112,2037,0.176
p112,2038,0.176
p112,2039,0.176
p112,2040,0.176
p112,2041,0.176
p112,2042,0.176
p112,2043,0.176
p112,2044,0.176
p112,2045,0.176
p112,2046,0.176
p112,2047,0.176
p112,2048,0.176
p112,2049,0.176
p112,2050,0.176
p113,2025,0.177
p113,2026,0.177
p113,2027,0.176
p113,2028,0.176
p113,2029,0.176
p113,2030,0.176
p113,2031,0.176
p113,2032,0.176
p113,2033,0.176
p113,2034,0.176
p113,2035,0.176
p113,2036,0.176
p113,2037,0.176
p113,2038,0.176
p113,2039,0.176
p113,2040,0.176
p113,2041,0.176
p113,2042,0.176
p113,2043,0.176
p113,2044,0.176
p113,2045,0.176
p113,2046,0.176
p113,2047,0.176
p113,2048,0.176
p113,2049,0.176
p113,2050,0.176
p114,2025,0.177
p114,2026,0.177
p114,2027,0.176
p114,2028,0.176
p114,2029,0.176
p114,2030,0.176
p114,2031,0.176
p114,2032,0.176
p114,2033,0.176
p114,2034,0.176
p114,2035,0.176
p114,2036,0.176
p114,2037,0.176
p114,2038,0.176
p114,2039,0.176
p114,2040,0.176
p114,2041,0.176
p114,2042,0.176
p114,2043,0.176
p114,2044,0.176
p114,2045,0.176
p114,2046,0.176
p114,2047,0.176
p114,2048,0.176
p114,2049,0.176
p114,2050,0.176
p115,2025,0.177
p115,2026,0.177
p115,2027,0.176
p115,2028,0.176
p115,2029,0.176
p115,2030,0.176
p115,2031,0.176
p115,2032,0.176
p115,2033,0.176
p115,2034,0.176
p115,2035,0.176
p115,2036,0.176
p115,2037,0.176
p115,2038,0.176
p115,2039,0.176
p115,2040,0.176
p115,2041,0.176
p115,2042,0.176
p115,2043,0.176
p115,2044,0.176
p115,2045,0.176
p115,2046,0.176
p115,2047,0.176
p115,2048,0.176
p115,2049,0.176
p115,2050,0.176
p116,2025,0.177
p116,2026,0.177
p116,2027,0.176
p116,2028,0.176
p116,2029,0.176
p116,2030,0.176
p116,2031,0.176
p116,2032,0.176
p116,2033,0.176
p116,2034,0.176
p116,2035,0.176
p116,2036,0.176
p116,2037,0.176
p116,2038,0.176
p116,2039,0.176
p116,2040,0.176
p116,2041,0.176
p116,2042,0.176
p116,2043,0.176
p116,2044,0.176
p116,2045,0.176
p116,2046,0.176
p116,2047,0.176
p116,2048,0.176
p116,2049,0.176
p116,2050,0.176
p117,2025,0.177
p117,2026,0.177
p117,2027,0.176
p117,2028,0.176
p117,2029,0.176
p117,2030,0.176
p117,2031,0.176
p117,2032,0.176
p117,2033,0.176
p117,2034,0.176
p117,2035,0.176
p117,2036,0.176
p117,2037,0.176
p117,2038,0.176
p117,2039,0.176
p117,2040,0.176
p117,2041,0.176
p117,2042,0.176
p117,2043,0.176
p117,2044,0.176
p117,2045,0.176
p117,2046,0.176
p117,2047,0.176
p117,2048,0.176
p117,2049,0.176
p117,2050,0.176
p118,2025,0.177
p118,2026,0.177
p118,2027,0.176
p118,2028,0.176
p118,2029,0.176
p118,2030,0.176
p118,2031,0.176
p118,2032,0.176
p118,2033,0.176
p118,2034,0.176
p118,2035,0.176
p118,2036,0.176
p118,2037,0.176
p118,2038,0.176
p118,2039,0.176
p118,2040,0.176
p118,2041,0.176
p118,2042,0.176
p118,2043,0.176
p118,2044,0.176
p118,2045,0.176
p118,2046,0.176
p118,2047,0.176
p118,2048,0.176
p118,2049,0.176
p118,2050,0.176
p119,2025,0.177
p119,2026,0.177
p119,2027,0.176
p119,2028,0.176
p119,2029,0.176
p119,2030,0.176
p119,2031,0.176
p119,2032,0.176
p119,2033,0.176
p119,2034,0.176
p119,2035,0.176
p119,2036,0.176
p119,2037,0.176
p119,2038,0.176
p119,2039,0.176
p119,2040,0.176
p119,2041,0.176
p119,2042,0.176
p119,2043,0.176
p119,2044,0.176
p119,2045,0.176
p119,2046,0.176
p119,2047,0.176
p119,2048,0.176
p119,2049,0.176
p119,2050,0.176
p12,2025,0.163
p12,2026,0.158
p12,2027,0.159
p12,2028,0.154
p12,2029,0.147
p12,2030,0.145
p12,2031,0.143
p12,2032,0.142
p12,2033,0.144
p12,2034,0.138
p12,2035,0.138
p12,2036,0.138
p12,2037,0.138
p12,2038,0.138
p12,2039,0.138
p12,2040,0.138
p12,2041,0.138
p12,2042,0.138
p12,2043,0.138
p12,2044,0.138
p12,2045,0.138
p12,2046,0.138
p12,2047,0.138
p12,2048,0.138
p12,2049,0.138
p12,2050,0.138
p120,2025,0.177
p120,2026,0.177
p120,2027,0.176
p120,2028,0.176
p120,2029,0.176
p120,2030,0.176
p120,2031,0.176
p120,2032,0.176
p120,2033,0.176
p120,2034,0.176
p120,2035,0.176
p120,2036,0.176
p120,2037,0.176
p120,2038,0.176
p120,2039,0.176
p120,2040,0.176
p120,2041,0.176
p120,2042,0.176
p120,2043,0.176
p120,2044,0.176
p120,2045,0.176
p120,2046,0.176
p120,2047,0.176
p120,2048,0.176
p120,2049,0.176
p120,2050,0.176
p121,2025,0.177
p121,2026,0.177
p121,2027,0.176
p121,2028,0.176
p121,2029,0.176
p121,2030,0.176
p121,2031,0.176
p121,2032,0.176
p121,2033,0.176
p121,2034,0.176
p121,2035,0.176
p121,2036,0.176
p121,2037,0.176
p121,2038,0.176
p121,2039,0.176
p121,2040,0.176
p121,2041,0.176
p121,2042,0.176
p121,2043,0.176
p121,2044,0.176
p121,2045,0.176
p121,2046,0.176
p121,2047,0.176
p121,2048,0.176
p121,2049,0.176
p121,2050,0.176
p122,2025,0.177
p122,2026,0.177
p122,2027,0.176
p122,2028,0.176
p122,2029,0.176
p122,2030,0.176
p122,2031,0.176
p122,2032,0.176
p122,2033,0.176
p122,2034,0.176
p122,2035,0.176
p122,2036,0.176
p122,2037,0.176
p122,2038,0.176
p122,2039,0.176
p122,2040,0.176
p122,2041,0.176
p122,2042,0.176
p122,2043,0.176
p122,2044,0.176
p122,2045,0.176
p122,2046,0.176
p122,2047,0.176
p122,2048,0.176
p122,2049,0.176
p122,2050,0.176
p123,2025,0.177
p123,2026,0.177
p123,2027,0.176
p123,2028,0.176
p123,2029,0.176
p123,2030,0.176
p123,2031,0.176
p123,2032,0.176
p123,2033,0.176
p123,2034,0.176
p123,2035,0.176
p123,2036,0.176
p123,2037,0.176
p123,2038,0.176
p123,2039,0.176
p123,2040,0.176
p123,2041,0.176
p123,2042,0.176
p123,2043,0.176
p123,2044,0.176
p123,2045,0.176
p123,2046,0.176
p123,2047,0.176
p123,2048,0.176
p123,2049,0.176
p123,2050,0.176
p124,2025,0.177
p124,2026,0.177
p124,2027,0.176
p124,2028,0.176
p124,2029,0.176
p124,2030,0.176
p124,2031,0.176
p124,2032,0.176
p124,2033,0.176
p124,2034,0.176
p124,2035,0.176
p124,2036,0.176
p124,2037,0.176
p124,2038,0.176
p124,2039,0.176
p124,2040,0.176
p124,2041,0.176
p124,2042,0.176
p124,2043,0.176
p124,2044,0.176
p124,2045,0.176
p124,2046,0.176
p124,2047,0.176
p124,2048,0.176
p124,2049,0.176
p124,2050,0.176
p125,2025,0.177
p125,2026,0.177
p125,2027,0.176
p125,2028,0.176
p125,2029,0.176
p125,2030,0.176
p125,2031,0.176
p125,2032,0.176
p125,2033,0.176
p125,2034,0.176
p125,2035,0.176
p125,2036,0.176
p125,2037,0.176
p125,2038,0.176
p125,2039,0.176
p125,2040,0.176
p125,2041,0.176
p125,2042,0.176
p125,2043,0.176
p125,2044,0.176
p125,2045,0.176
p125,2046,0.176
p125,2047,0.176
p125,2048,0.176
p125,2049,0.176
p125,2050,0.176
p126,2025,0.177
p126,2026,0.177
p126,2027,0.176
p126,2028,0.176
p126,2029,0.176
p126,2030,0.176
p126,2031,0.176
p126,2032,0.176
p126,2033,0.176
p126,2034,0.176
p126,2035,0.176
p126,2036,0.176
p126,2037,0.176
p126,2038,0.176
p126,2039,0.176
p126,2040,0.176
p126,2041,0.176
p126,2042,0.176
p126,2043,0.176
p126,2044,0.176
p126,2045,0.176
p126,2046,0.176
p126,2047,0.176
p126,2048,0.176
p126,2049,0.176
p126,2050,0.176
p127,2025,0.15
p127,2026,0.15
p127,2027,0.15
p127,2028,0.15
p127,2029,0.15
p127,2030,0.15
p127,2031,0.15
p127,2032,0.15
p127,2033,0.15
p127,2034,0.15
p127,2035,0.15
p127,2036,0.15
p127,2037,0.15
p127,2038,0.15
p127,2039,0.15
p127,2040,0.15
p127,2041,0.15
p127,2042,0.15
p127,2043,0.15
p127,2044,0.15
p127,2045,0.15
p127,2046,0.15
p127,2047,0.15
p127,2048,0.15
p127,2049,0.15
p127,2050,0.15
p128,2025,0.15
p128,2026,0.15
p128,2027,0.15
p128,2028,0.15
p128,2029,0.15
p128,2030,0.15
p128,2031,0.15
p128,2032,0.15
p128,2033,0.15
p128,2034,0.15
p128,2035,0.15
p128,2036,0.15
p128,2037,0.15
p128,2038,0.15
p128,2039,0.15
p128,2040,0.15
p128,2041,0.15
p128,2042,0.15
p128,2043,0.15
p128,2044,0.15
p128,2045,0.15
p128,2046,0.15
p128,2047,0.15
p128,2048,0.15
p128,2049,0.15
p128,2050,0.15
p129,2025,0.127
p129,2026,0.118
p129,2027,0.113
p129,2028,0.113
p129,2029,0.113
p129,2030,0.113
p129,2031,0.113
p129,2032,0.113
p129,2033,0.113
p129,2034,0.113
p129,2035,0.113
p129,2036,0.113
p129,2037,0.113
p129,2038,0.113
p129,2039,0.113
p129,2040,0.113
p129,2041,0.113
p129,2042,0.113
p129,2043,0.113
p129,2044,0.113
p129,2045,0.113
p129,2046,0.113
p129,2047,0.113
p129,2048,0.113
p129,2049,0.113
p129,2050,0.113
p13,2025,0.163
p13,2026,0.158
p13,2027,0.159
p13,2028,0.154
p13,2029,0.147
p13,2030,0.145
p13,2031,0.143
p13,2032,0.142
p13,2033,0.144
p13,2034,0.138
p13,2035,0.138
p13,2036,0.138
p13,2037,0.138
p13,2038,0.138
p13,2039,0.138
p13,2040,0.138
p13,2041,0.138
p13,2042,0.138
p13,2043,0.138
p13,2044,0.138
p13,2045,0.138
p13,2046,0.138
p13,2047,0.138
p13,2048,0.138
p13,2049,0.138
p13,2050,0.138
p130,2025,0.127
p130,2026,0.118
p130,2027,0.113
p130,2028,0.113
p130,2029,0.113
p130,2030,0.113
p130,2031,0.113
p130,2032,0.113
p130,2033,0.113
p130,2034,0.113
p130,2035,0.113
p130,2036,0.113
p130,2037,0.113
p130,2038,0.113
p130,2039,0.113
p130,2040,0.113
p130,2041,0.113
p130,2042,0.113
p130,2043,0.113
p130,2044,0.113
p130,2045,0.113
p130,2046,0.113
p130,2047,0.113
p130,2048,0.113
p130,2049,0.113
p130,2050,0.113
p131,2025,0.127
p131,2026,0.118
p131,2027,0.113
p131,2028,0.113
p131,2029,0.113
p131,2030,0.113
p131,2031,0.113
p131,2032,0.113
p131,2033,0.113
p131,2034,0.113
p131,2035,0.113
p131,2036,0.113
p131,2037,0.113
p131,2038,0.113
p131,2039,0.113
p131,2040,0.113
p131,2041,0.113
p131,2042,0.113
p131,2043,0.113
p131,2044,0.113
p131,2045,0.113
p131,2046,0.113
p131,2047,0.113
p131,2048,0.113
p131,2049,0.113
p131,2050,0.113
p132,2025,0.127
p132,2026,0.118
p132,2027,0.113
p132,2028,0.113
p132,2029,0.113
p132,2030,0.113
p132,2031,0.113
p132,2032,0.113
p132,2033,0.113
p132,2034,0.113
p132,2035,0.113
p132,2036,0.113
p132,2037,0.113
p132,2038,0.113
p132,2039,0.113
p132,2040,0.113
p132,2041,0.113
p132,2042,0.113
p132,2043,0.113
p132,2044,0.113
p132,2045,0.113
p132,2046,0.113
p132,2047,0.113
p132,2048,0.113
p132,2049,0.113
p132,2050,0.113
p133,2025,0.127
p133,2026,0.118
p133,2027,0.113
p133,2028,0.113
p133,2029,0.113
p133,2030,0.113
p133,2031,0.113
p133,2032,0.113
p133,2033,0.113
p133,2034,0.113
p133,2035,0.113
p133,2036,0.113
p133,2037,0.113
p133,2038,0.113
p133,2039,0.113
p133,2040,0.113
p133,2041,0.113
p133,2042,0.113
p133,2043,0.113
p133,2044,0.113
p133,2045,0.113
p133,2046,0.113
p133,2047,0.113
p133,2048,0.113
p133,2049,0.113
p133,2050,0.113
p134,2025,0.127
p134,2026,0.118
p134,2027,0.113
p134,2028,0.113
p134,2029,0.113
p134,2030,0.113
p134,2031,0.113
p134,2032,0.113
p134,2033,0.113
p134,2034,0.113
p134,2035,0.113
p134,2036,0.113
p134,2037,0.113
p134,2038,0.113
p134,2039,0.113
p134,2040,0.113
p134,2041,0.113
p134,2042,0.113
p134,2043,0.113
p134,2044,0.113
p134,2045,0.113
p134,2046,0.113
p134,2047,0.113
p134,2048,0.113
p134,2049,0.113
p134,2050,0.113
p14,2025,0.163
p14,2026,0.158
p14,2027,0.159
p14,2028,0.154
p14,2029,0.147
p14,2030,0.145
p14,2031,0.143
p14,2032,0.142
p14,2033,0.144
p14,2034,0.138
p14,2035,0.138
p14,2036,0.138
p14,2037,0.138
p14,2038,0.138
p14,2039,0.138
p14,2040,0.138
p14,2041,0.138
p14,2042,0.138
p14,2043,0.138
p14,2044,0.138
p14,2045,0.138
p14,2046,0.138
p14,2047,0.138
p14,2048,0.138
p14,2049,0.138
p14,2050,0.138
p15,2025,0.163
p15,2026,0.158
p15,2027,0.159
p15,2028,0.154
p15,2029,0.147
p15,2030,0.145
p15,2031,0.143
p15,2032,0.142
p15,2033,0.144
p15,2034,0.138
p15,2035,0.138
p15,2036,0.138
p15,2037,0.138
p15,2038,0.138
p15,2039,0.138
p15,2040,0.138
p15,2041,0.138
p15,2042,0.138
p15,2043,0.138
p15,2044,0.138
p15,2045,0.138
p15,2046,0.138
p15,2047,0.138
p15,2048,0.138
p15,2049,0.138
p15,2050,0.138
p16,2025,0.163
p16,2026,0.158
p16,2027,0.159
p16,2028,0.154
p16,2029,0.147
p16,2030,0.145
p16,2031,0.143
p16,2032,0.142
p16,2033,0.144
p16,2034,0.138
p16,2035,0.138
p16,2036,0.138
p16,2037,0.138
p16,2038,0.138
p16,2039,0.138
p16,2040,0.138
p16,2041,0.138
p16,2042,0.138
p16,2043,0.138
p16,2044,0.138
p16,2045,0.138
p16,2046,0.138
p16,2047,0.138
p16,2048,0.138
p16,2049,0.138
p16,2050,0.138
p17,2025,0.163
p17,2026,0.158
p17,2027,0.159
p17,2028,0.154
p17,2029,0.147
p17,2030,0.145
p17,2031,0.143
p17,2032,0.142
p17,2033,0.144
p17,2034,0.138
p17,2035,0.138
p17,2036,0.138
p17,2037,0.138
p17,2038,0.138
p17,2039,0.138
p17,2040,0.138
p17,2041,0.138
p17,2042,0.138
p17,2043,0.138
p17,2044,0.138
p17,2045,0.138
p17,2046,0.138
p17,2047,0.138
p17,2048,0.138
p17,2049,0.138
p17,2050,0.138
p18,2025,0.163
p18,2026,0.158
p18,2027,0.159
p18,2028,0.154
p18,2029,0.147
p18,2030,0.145
p18,2031,0.143
p18,2032,0.142
p18,2033,0.144
p18,2034,0.138
p18,2035,0.138
p18,2036,0.138
p18,2037,0.138
p18,2038,0.138
p18,2039,0.138
p18,2040,0.138
p18,2041,0.138
p18,2042,0.138
p18,2043,0.138
p18,2044,0.138
p18,2045,0.138
p18,2046,0.138
p18,2047,0.138
p18,2048,0.138
p18,2049,0.138
p18,2050,0.138
p19,2025,0.163
p19,2026,0.158
p19,2027,0.159
p19,2028,0.154
p19,2029,0.147
p19,2030,0.145
p19,2031,0.143
p19,2032,0.142
p19,2033,0.144
p19,2034,0.138
p19,2035,0.138
p19,2036,0.138
p19,2037,0.138
p19,2038,0.138
p19,2039,0.138
p19,2040,0.138
p19,2041,0.138
p19,2042,0.138
p19,2043,0.138
p19,2044,0.138
p19,2045,0.138
p19,2046,0.138
p19,2047,0.138
p19,2048,0.138
p19,2049,0.138
p19,2050,0.138
p2,2025,0.163
p2,2026,0.158
p2,2027,0.159
p2,2028,0.154
p2,2029,0.147
p2,2030,0.145
p2,2031,0.143
p2,2032,0.142
p2,2033,0.144
p2,2034,0.138
p2,2035,0.138
p2,2036,0.138
p2,2037,0.138
p2,2038,0.138
p2,2039,0.138
p2,2040,0.138
p2,2041,0.138
p2,2042,0.138
p2,2043,0.138
p2,2044,0.138
p2,2045,0.138
p2,2046,0.138
p2,2047,0.138
p2,2048,0.138
p2,2049,0.138
p2,2050,0.138
p20,2025,0.163
p20,2026,0.158
p20,2027,0.159
p20,2028,0.154
p20,2029,0.147
p20,2030,0.145
p20,2031,0.143
p20,2032,0.142
p20,2033,0.144
p20,2034,0.138
p20,2035,0.138
p20,2036,0.138
p20,2037,0.138
p20,2038,0.138
p20,2039,0.138
p20,2040,0.138
p20,2041,0.138
p20,2042,0.138
p20,2043,0.138
p20,2044,0.138
p20,2045,0.138
p20,2046,0.138
p20,2047,0.138
p20,2048,0.138
p20,2049,0.138
p20,2050,0.138
p21,2025,0.163
p21,2026,0.158
p21,2027,0.159
p21,2028,0.154
p21,2029,0.147
p21,2030,0.145
p21,2031,0.143
p21,2032,0.142
p21,2033,0.144
p21,2034,0.138
p21,2035,0.138
p21,2036,0.138
p21,2037,0.138
p21,2038,0.138
p21,2039,0.138
p21,2040,0.138
p21,2041,0.138
p21,2042,0.138
p21,2043,0.138
p21,2044,0.138
p21,2045,0.138
p21,2046,0.138
p21,2047,0.138
p21,2048,0.138
p21,2049,0.138
p21,2050,0.138
p22,2025,0.163
p22,2026,0.158
p22,2027,0.159
p22,2028,0.154
p22,2029,0.147
p22,2030,0.145
p22,2031,0.143
p22,2032,0.142
p22,2033,0.144
p22,2034,0.138
p22,2035,0.138
p22,2036,0.138
p22,2037,0.138
p22,2038,0.138
p22,2039,0.138
p22,2040,0.138
p22,2041,0.138
p22,2042,0.138
p22,2043,0.138
p22,2044,0.138
p22,2045,0.138
p22,2046,0.138
p22,2047,0.138
p22,2048,0.138
p22,2049,0.138
p22,2050,0.138
p23,2025,0.163
p23,2026,0.158
p23,2027,0.159
p23,2028,0.154
p23,2029,0.147
p23,2030,0.145
p23,2031,0.143
p23,2032,0.142
p23,2033,0.144
p23,2034,0.138
p23,2035,0.138
p23,2036,0.138
p23,2037,0.138
p23,2038,0.138
p23,2039,0.138
p23,2040,0.138
p23,2041,0.138
p23,2042,0.138
p23,2043,0.138
p23,2044,0.138
p23,2045,0.138
p23,2046,0.138
p23,2047,0.138
p23,2048,0.138
p23,2049,0.138
p23,2050,0.138
p24,2025,0.163
p24,2026,0.158
p24,2027,0.159
p24,2028,0.154
p24,2029,0.147
p24,2030,0.145
p24,2031,0.143
p24,2032,0.142
p24,2033,0.144
p24,2034,0.138
p24,2035,0.138
p24,2036,0.138
p24,2037,0.138
p24,2038,0.138
p24,2039,0.138
p24,2040,0.138
p24,2041,0.138
p24,2042,0.138
p24,2043,0.138
p24,2044,0.138
p24,2045,0.138
p24,2046,0.138
p24,2047,0.138
p24,2048,0.138
p24,2049,0.138
p24,2050,0.138
p25,2025,0.163
p25,2026,0.158
p25,2027,0.159
p25,2028,0.154
p25,2029,0.147
p25,2030,0.145
p25,2031,0.143
p25,2032,0.142
p25,2033,0.144
p25,2034,0.138
p25,2035,0.138
p25,2036,0.138
p25,2037,0.138
p25,2038,0.138
p25,2039,0.138
p25,2040,0.138
p25,2041,0.138
p25,2042,0.138
p25,2043,0.138
p25,2044,0.138
p25,2045,0.138
p25,2046,0.138
p25,2047,0.138
p25,2048,0.138
p25,2049,0.138
p25,2050,0.138
p26,2025,0.163
p26,2026,0.158
p26,2027,0.159
p26,2028,0.154
p26,2029,0.147
p26,2030,0.145
p26,2031,0.143
p26,2032,0.142
p26,2033,0.144
p26,2034,0.138
p26,2035,0.138
p26,2036,0.138
p26,2037,0.138
p26,2038,0.138
p26,2039,0.138
p26,2040,0.138
p26,2041,0.138
p26,2042,0.138
p26,2043,0.138
p26,2044,0.138
p26,2045,0.138
p26,2046,0.138
p26,2047,0.138
p26,2048,0.138
p26,2049,0.138
p26,2050,0.138
p27,2025,0.11
p27,2026,0.108
p27,2027,0.12
p27,2028,0.117
p27,2029,0.102
p27,2030,0.101
p27,2031,0.099
p27,2032,0.097
p27,2033,0.108
p27,2034,0.094
p27,2035,0.094
p27,2036,0.094
p27,2037,0.094
p27,2038,0.094
p27,2039,0.094
p27,2040,0.094
p27,2041,0.094
p27,2042,0.094
p27,2043,0.094
p27,2044,0.094
p27,2045,0.094
p27,2046,0.094
p27,2047,0.094
p27,2048,0.094
p27,2049,0.094
p27,2050,0.094
p28,2025,0.11
p28,2026,0.108
p28,2027,0.12
p28,2028,0.117
p28,2029,0.102
p28,2030,0.101
p28,2031,0.099
p28,2032,0.097
p28,2033,0.108
p28,2034,0.094
p28,2035,0.094
p28,2036,0.094
p28,2037,0.094
p28,2038,0.094
p28,2039,0.094
p28,2040,0.094
p28,2041,0.094
p28,2042,0.094
p28,2043,0.094
p28,2044,0.094
p28,2045,0.094
p28,2046,0.094
p28,2047,0.094
p28,2048,0.094
p28,2049,0.094
p28,2050,0.094
p29,2025,0.11
p29,2026,0.108
p29,2027,0.12
p29,2028,0.117
p29,2029,0.102
p29,2030,0.101
p29,2031,0.099
p29,2032,0.097
p29,2033,0.108
p29,2034,0.094
p29,2035,0.094
p29,2036,0.094
p29,2037,0.094
p29,2038,0.094
p29,2039,0.094
p29,2040,0.094
p29,2041,0.094
p29,2042,0.094
p29,2043,0.094
p29,2044,0.094
p29,2045,0.094
p29,2046,0.094
p29,2047,0.094
p29,2048,0.094
p29,2049,0.094
p29,2050,0.094
p3,2025,0.163
p3,2026,0.158
p3,2027,0.159
p3,2028,0.154
p3,2029,0.147
p3,2030,0.145
p3,2031,0.143
p3,2032,0.142
p3,2033,0.144
p3,2034,0.138
p3,2035,0.138
p3,2036,0.138
p3,2037,0.138
p3,2038,0.138
p3,2039,0.138
p3,2040,0.138
p3,2041,0.138
p3,2042,0.138
p3,2043,0.138
p3,2044,0.138
p3,2045,0.138
p3,2046,0.138
p3,2047,0.138
p3,2048,0.138
p3,2049,0.138
p3,2050,0.138
p30,2025,0.11
p30,2026,0.108
p30,2027,0.12
p30,2028,0.117
p30,2029,0.102
p30,2030,0.101
p30,2031,0.099
p30,2032,0.097
p30,2033,0.108
p30,2034,0.094
p30,2035,0.094
p30,2036,0.094
p30,2037,0.094
p30,2038,0.094
p30,2039,0.094
p30,2040,0.094
p30,2041,0.094
p30,2042,0.094
p30,2043,0.094
p30,2044,0.094
p30,2045,0.094
p30,2046,0.094
p30,2047,0.094
p30,2048,0.094
p30,2049,0.094
p30,2050,0.094
p31,2025,0.11
p31,2026,0.108
p31,2027,0.12
p31,2028,0.117
p31,2029,0.102
p31,2030,0.101
p31,2031,0.099
p31,2032,0.097
p31,2033,0.108
p31,2034,0.094
p31,2035,0.094
p31,2036,0.094
p31,2037,0.094
p31,2038,0.094
p31,2039,0.094
p31,2040,0.094
p31,2041,0.094
p31,2042,0.094
p31,2043,0.094
p31,2044,0.094
p31,2045,0.094
p31,2046,0.094
p31,2047,0.094
p31,2048,0.094
p31,2049,0.094
p31,2050,0.094
p32,2025,0.163
p32,2026,0.158
p32,2027,0.159
p32,2028,0.154
p32,2029,0.147
p32,2030,0.145
p32,2031,0.143
p32,2032,0.142
p32,2033,0.144
p32,2034,0.138
p32,2035,0.138
p32,2036,0.138
p32,2037,0.138
p32,2038,0.138
p32,2039,0.138
p32,2040,0.138
p32,2041,0.138
p32,2042,0.138
p32,2043,0.138
p32,2044,0.138
p32,2045,0.138
p32,2046,0.138
p32,2047,0.138
p32,2048,0.138
p32,2049,0.138
p32,2050,0.138
p33,2025,0.163
p33,2026,0.158
p33,2027,0.159
p33,2028,0.154
p33,2029,0.147
p33,2030,0.145
p33,2031,0.143
p33,2032,0.142
p33,2033,0.144
p33,2034,0.138
p33,2035,0.138
p33,2036,0.138
p33,2037,0.138
p33,2038,0.138
p33,2039,0.138
p33,2040,0.138
p33,2041,0.138
p33,2042,0.138
p33,2043,0.138
p33,2044,0.138
p33,2045,0.138
p33,2046,0.138
p33,2047,0.138
p33,2048,0.138
p33,2049,0.138
p33,2050,0.138
p34,2025,0.163
p34,2026,0.158
p34,2027,0.159
p34,2028,0.154
p34,2029,0.147
p34,2030,0.145
p34,2031,0.143
p34,2032,0.142
p34,2033,0.144
p34,2034,0.138
p34,2035,0.138
p34,2036,0.138
p34,2037,0.138
p34,2038,0.138
p34,2039,0.138
p34,2040,0.138
p34,2041,0.138
p34,2042,0.138
p34,2043,0.138
p34,2044,0.138
p34,2045,0.138
p34,2046,0.138
p34,2047,0.138
p34,2048,0.138
p34,2049,0.138
p34,2050,0.138
p35,2025,0.19
p35,2026,0.19
p35,2027,0.19
p35,2028,0.19
p35,2029,0.19
p35,2030,0.19
p35,2031,0.19
p35,2032,0.19
p35,2033,0.19
p35,2034,0.19
p35,2035,0.19
p35,2036,0.19
p35,2037,0.19
p35,2038,0.19
p35,2039,0.19
p35,2040,0.19
p35,2041,0.19
p35,2042,0.19
p35,2043,0.19
p35,2044,0.19
p35,2045,0.19
p35,2046,0.19
p35,2047,0.19
p35,2048,0.19
p35,2049,0.19
p35,2050,0.19
p36,2025,0.19
p36,2026,0.19
p36,2027,0.19
p36,2028,0.19
p36,2029,0.19
p36,2030,0.19
p36,2031,0.19
p36,2032,0.19
p36,2033,0.19
p36,2034,0.19
p36,2035,0.19
p36,2036,0.19
p36,2037,0.19
p36,2038,0.19
p36,2039,0.19
p36,2040,0.19
p36,2041,0.19
p36,2042,0.19
p36,2043,0.19
p36,2044,0.19
p36,2045,0.19
p36,2046,0.19
p36,2047,0.19
p36,2048,0.19
p36,2049,0.19
p36,2050,0.19
p37,2025,0.092
p37,2026,0.094
p37,2027,0.096
p37,2028,0.095
p37,2029,0.094
p37,2030,0.094
p37,2031,0.095
p37,2032,0.096
p37,2033,0.097
p37,2034,0.097
p37,2035,0.097
p37,2036,0.097
p37,2037,0.097
p37,2038,0.097
p37,2039,0.097
p37,2040,0.097
p37,2041,0.097
p37,2042,0.097
p37,2043,0.097
p37,2044,0.097
p37,2045,0.097
p37,2046,0.097
p37,2047,0.097
p37,2048,0.097
p37,2049,0.097
p37,2050,0.097
p38,2025,0.19
p38,2026,0.19
p38,2027,0.19
p38,2028,0.19
p38,2029,0.19
p38,2030,0.19
p38,2031,0.19
p38,2032,0.19
p38,2033,0.19
p38,2034,0.19
p38,2035,0.19
p38,2036,0.19
p38,2037,0.19
p38,2038,0.19
p38,2039,0.19
p38,2040,0.19
p38,2041,0.19
p38,2042,0.19
p38,2043,0.19
p38,2044,0.19
p38,2045,0.19
p38,2046,0.19
p38,2047,0.19
p38,2048,0.19
p38,2049,0.19
p38,2050,0.19
p39,2025,0.19
p39,2026,0.19
p39,2027,0.19
p39,2028,0.19
p39,2029,0.19
p39,2030,0.19
p39,2031,0.19
p39,2032,0.19
p39,2033,0.19
p39,2034,0.19
p39,2035,0.19
p39,2036,0.19
p39,2037,0.19
p39,2038,0.19
p39,2039,0.19
p39,2040,0.19
p39,2041,0.19
p39,2042,0.19
p39,2043,0.19
p39,2044,0.19
p39,2045,0.19
p39,2046,0.19
p39,2047,0.19
p39,2048,0.19
p39,2049,0.19
p39,2050,0.19
p4,2025,0.163
p4,2026,0.158
p4,2027,0.159
p4,2028,0.154
p4,2029,0.147
p4,2030,0.145
p4,2031,0.143
p4,2032,0.142
p4,2033,0.144
p4,2034,0.138
p4,2035,0.138
p4,2036,0.138
p4,2037,0.138
p4,2038,0.138
p4,2039,0.138
p4,2040,0.138
p4,2041,0.138
p4,2042,0.138
p4,2043,0.138
p4,2044,0.138
p4,2045,0.138
p4,2046,0.138
p4,2047,0.138
p4,2048,0.138
p4,2049,0.138
p4,2050,0.138
p40,2025,0.19
p40,2026,0.19
p40,2027,0.19
p40,2028,0.19
p40,2029,0.19
p40,2030,0.19
p40,2031,0.19
p40,2032,0.19
p40,2033,0.19
p40,2034,0.19
p40,2035,0.19
p40,2036,0.19
p40,2037,0.19
p40,2038,0.19
p40,2039,0.19
p40,2040,0.19
p40,2041,0.19
p40,2042,0.19
p40,2043,0.19
p40,2044,0.19
p40,2045,0.19
p40,2046,0.19
p40,2047,0.19
p40,2048,0.19
p40,2049,0.19
p40,2050,0.19
p41,2025,0.19
p41,2026,0.19
p41,2027,0.19
p41,2028,0.19
p41,2029,0.19
p41,2030,0.19
p41,2031,0.19
p41,2032,0.19
p41,2033,0.19
p41,2034,0.19
p41,2035,0.19
p41,2036,0.19
p41,2037,0.19
p41,2038,0.19
p41,2039,0.19
p41,2040,0.19
p41,2041,0.19
p41,2042,0.19
p41,2043,0.19
p41,2044,0.19
p41,2045,0.19
p41,2046,0.19
p41,2047,0.19
p41,2048,0.19
p41,2049,0.19
p41,2050,0.19
p42,2025,0.092
p42,2026,0.094
p42,2027,0.096
p42,2028,0.095
p42,2029,0.094
p42,2030,0.094
p42,2031,0.095
p42,2032,0.096
p42,2033,0.097
p42,2034,0.097
p42,2035,0.097
p42,2036,0.097
p42,2037,0.097
p42,2038,0.097
p42,2039,0.097
p42,2040,0.097
p42,2041,0.097
p42,2042,0.097
p42,2043,0.097
p42,2044,0.097
p42,2045,0.097
p42,2046,0.097
p42,2047,0.097
p42,2048,0.097
p42,2049,0.097
p42,2050,0.097
p43,2025,0.092
p43,2026,0.094
p43,2027,0.096
p43,2028,0.095
p43,2029,0.094
p43,2030,0.094
p43,2031,0.095
p43,2032,0.096
p43,2033,0.097
p43,2034,0.097
p43,2035,0.097
p43,2036,0.097
p43,2037,0.097
p43,2038,0.097
p43,2039,0.097
p43,2040,0.097
p43,2041,0.097
p43,2042,0.097
p43,2043,0.097
p43,2044,0.097
p43,2045,0.097
p43,2046,0.097
p43,2047,0.097
p43,2048,0.097
p43,2049,0.097
p43,2050,0.097
p44,2025,0.092
p44,2026,0.094
p44,2027,0.096
p44,2028,0.095
p44,2029,0.094
p44,2030,0.094
p44,2031,0.095
p44,2032,0.096
p44,2033,0.097
p44,2034,0.097
p44,2035,0.097
p44,2036,0.097
p44,2037,0.097
p44,2038,0.097
p44,2039,0.097
p44,2040,0.097
p44,2041,0.097
p44,2042,0.097
p44,2043,0.097
p44,2044,0.097
p44,2045,0.097
p44,2046,0.097
p44,2047,0.097
p44,2048,0.097
p44,2049,0.097
p44,2050,0.097
p45,2025,0.092
p45,2026,0.094
p45,2027,0.096
p45,2028,0.095
p45,2029,0.094
p45,2030,0.094
p45,2031,0.095
p45,2032,0.096
p45,2033,0.097
p45,2034,0.097
p45,2035,0.097
p45,2036,0.097
p45,2037,0.097
p45,2038,0.097
p45,2039,0.097
p45,2040,0.097
p45,2041,0.097
p45,2042,0.097
p45,2043,0.097
p45,2044,0.097
p45,2045,0.097
p45,2046,0.097
p45,2047,0.097
p45,2048,0.097
p45,2049,0.097
p45,2050,0.097
p46,2025,0.092
p46,2026,0.094
p46,2027,0.096
p46,2028,0.095
p46,2029,0.094
p46,2030,0.094
p46,2031,0.095
p46,2032,0.096
p46,2033,0.097
p46,2034,0.097
p46,2035,0.097
p46,2036,0.097
p46,2037,0.097
p46,2038,0.097
p46,2039,0.097
p46,2040,0.097
p46,2041,0.097
p46,2042,0.097
p46,2043,0.097
p46,2044,0.097
p46,2045,0.097
p46,2046,0.097
p46,2047,0.097
p46,2048,0.097
p46,2049,0.097
p46,2050,0.097
p47,2025,0.19
p47,2026,0.19
p47,2027,0.19
p47,2028,0.19
p47,2029,0.19
p47,2030,0.19
p47,2031,0.19
p47,2032,0.19
p47,2033,0.19
p47,2034,0.19
p47,2035,0.19
p47,2036,0.19
p47,2037,0.19
p47,2038,0.19
p47,2039,0.19
p47,2040,0.19
p47,2041,0.19
p47,2042,0.19
p47,2043,0.19
p47,2044,0.19
p47,2045,0.19
p47,2046,0.19
p47,2047,0.19
p47,2048,0.19
p47,2049,0.19
p47,2050,0.19
p48,2025,0.19
p48,2026,0.19
p48,2027,0.19
p48,2028,0.19
p48,2029,0.19
p48,2030,0.19
p48,2031,0.19
p48,2032,0.19
p48,2033,0.19
p48,2034,0.19
p48,2035,0.19
p48,2036,0.19
p48,2037,0.19
p48,2038,0.19
p48,2039,0.19
p48,2040,0.19
p48,2041,0.19
p48,2042,0.19
p48,2043,0.19
p48,2044,0.19
p48,2045,0.19
p48,2046,0.19
p48,2047,0.19
p48,2048,0.19
p48,2049,0.19
p48,2050,0.19
p49,2025,0.19
p49,2026,0.19
p49,2027,0.19
p49,2028,0.19
p49,2029,0.19
p49,2030,0.19
p49,2031,0.19
p49,2032,0.19
p49,2033,0.19
p49,2034,0.19
p49,2035,0.19
p49,2036,0.19
p49,2037,0.19
p49,2038,0.19
p49,2039,0.19
p49,2040,0.19
p49,2041,0.19
p49,2042,0.19
p49,2043,0.19
p49,2044,0.19
p49,2045,0.19
p49,2046,0.19
p49,2047,0.19
p49,2048,0.19
p49,2049,0.19
p49,2050,0.19
p5,2025,0.163
p5,2026,0.158
p5,2027,0.159
p5,2028,0.154
p5,2029,0.147
p5,2030,0.145
p5,2031,0.143
p5,2032,0.142
p5,2033,0.144
p5,2034,0.138
p5,2035,0.138
p5,2036,0.138
p5,2037,0.138
p5,2038,0.138
p5,2039,0.138
p5,2040,0.138
p5,2041,0.138
p5,2042,0.138
p5,2043,0.138
p5,2044,0.138
p5,2045,0.138
p5,2046,0.138
p5,2047,0.138
p5,2048,0.138
p5,2049,0.138
p5,2050,0.138
p50,2025,0.19
p50,2026,0.19
p50,2027,0.19
p50,2028,0.19
p50,2029,0.19
p50,2030,0.19
p50,2031,0.19
p50,2032,0.19
p50,2033,0.19
p50,2034,0.19
p50,2035,0.19
p50,2036,0.19
p50,2037,0.19
p50,2038,0.19
p50,2039,0.19
p50,2040,0.19
p50,2041,0.19
p50,2042,0.19
p50,2043,0.19
p50,2044,0.19
p50,2045,0.19
p50,2046,0.19
p50,2047,0.19
p50,2048,0.19
p50,2049,0.19
p50,2050,0.19
p51,2025,0.19
p51,2026,0.19
p51,2027,0.19
p51,2028,0.19
p51,2029,0.19
p51,2030,0.19
p51,2031,0.19
p51,2032,0.19
p51,2033,0.19
p51,2034,0.19
p51,2035,0.19
p51,2036,0.19
p51,2037,0.19
p51,2038,0.19
p51,2039,0.19
p51,2040,0.19
p51,2041,0.19
p51,2042,0.19
p51,2043,0.19
p51,2044,0.19
p51,2045,0.19
p51,2046,0.19
p51,2047,0.19
p51,2048,0.19
p51,2049,0.19
p51,2050,0.19
p52,2025,0.19
p52,2026,0.19
p52,2027,0.19
p52,2028,0.19
p52,2029,0.19
p52,2030,0.19
p52,2031,0.19
p52,2032,0.19
p52,2033,0.19
p52,2034,0.19
p52,2035,0.19
p52,2036,0.19
p52,2037,0.19
p52,2038,0.19
p52,2039,0.19
p52,2040,0.19
p52,2041,0.19
p52,2042,0.19
p52,2043,0.19
p52,2044,0.19
p52,2045,0.19
p52,2046,0.19
p52,2047,0.19
p52,2048,0.19
p52,2049,0.19
p52,2050,0.19
p53,2025,0.19
p53,2026,0.19
p53,2027,0.19
p53,2028,0.19
p53,2029,0.19
p53,2030,0.19
p53,2031,0.19
p53,2032,0.19
p53,2033,0.19
p53,2034,0.19
p53,2035,0.19
p53,2036,0.19
p53,2037,0.19
p53,2038,0.19
p53,2039,0.19
p53,2040,0.19
p53,2041,0.19
p53,2042,0.19
p53,2043,0.19
p53,2044,0.19
p53,2045,0.19
p53,2046,0.19
p53,2047,0.19
p53,2048,0.19
p53,2049,0.19
p53,2050,0.19
p54,2025,0.19
p54,2026,0.19
p54,2027,0.19
p54,2028,0.19
p54,2029,0.19
p54,2030,0.19
p54,2031,0.19
p54,2032,0.19
p54,2033,0.19
p54,2034,0.19
p54,2035,0.19
p54,2036,0.19
p54,2037,0.19
p54,2038,0.19
p54,2039,0.19
p54,2040,0.19
p54,2041,0.19
p54,2042,0.19
p54,2043,0.19
p54,2044,0.19
p54,2045,0.19
p54,2046,0.19
p54,2047,0.19
p54,2048,0.19
p54,2049,0.19
p54,2050,0.19
p55,2025,0.19
p55,2026,0.19
p55,2027,0.19
p55,2028,0.19
p55,2029,0.19
p55,2030,0.19
p55,2031,0.19
p55,2032,0.19
p55,2033,0.19
p55,2034,0.19
p55,2035,0.19
p55,2036,0.19
p55,2037,0.19
p55,2038,0.19
p55,2039,0.19
p55,2040,0.19
p55,2041,0.19
p55,2042,0.19
p55,2043,0.19
p55,2044,0.19
p55,2045,0.19
p55,2046,0.19
p55,2047,0.19
p55,2048,0.19
p55,2049,0.19
p55,2050,0.19
p56,2025,0.19
p56,2026,0.19
p56,2027,0.19
p56,2028,0.19
p56,2029,0.19
p56,2030,0.19
p56,2031,0.19
p56,2032,0.19
p56,2033,0.19
p56,2034,0.19
p56,2035,0.19
p56,2036,0.19
p56,2037,0.19
p56,2038,0.19
p56,2039,0.19
p56,2040,0.19
p56,2041,0.19
p56,2042,0.19
p56,2043,0.19
p56,2044,0.19
p56,2045,0.19
p56,2046,0.19
p56,2047,0.19
p56,2048,0.19
p56,2049,0.19
p56,2050,0.19
p57,2025,0.19
p57,2026,0.19
p57,2027,0.19
p57,2028,0.19
p57,2029,0.19
p57,2030,0.19
p57,2031,0.19
p57,2032,0.19
p57,2033,0.19
p57,2034,0.19
p57,2035,0.19
p57,2036,0.19
p57,2037,0.19
p57,2038,0.19
p57,2039,0.19
p57,2040,0.19
p57,2041,0.19
p57,2042,0.19
p57,2043,0.19
p57,2044,0.19
p57,2045,0.19
p57,2046,0.19
p57,2047,0.19
p57,2048,0.19
p57,2049,0.19
p57,2050,0.19
p58,2025,0.092
p58,2026,0.094
p58,2027,0.096
p58,2028,0.095
p58,2029,0.094
p58,2030,0.094
p58,2031,0.095
p58,2032,0.096
p58,2033,0.097
p58,2034,0.097
p58,2035,0.097
p58,2036,0.097
p58,2037,0.097
p58,2038,0.097
p58,2039,0.097
p58,2040,0.097
p58,2041,0.097
p58,2042,0.097
p58,2043,0.097
p58,2044,0.097
p58,2045,0.097
p58,2046,0.097
p58,2047,0.097
p58,2048,0.097
p58,2049,0.097
p58,2050,0.097
p59,2025,0.11
p59,2026,0.108
p59,2027,0.12
p59,2028,0.117
p59,2029,0.102
p59,2030,0.101
p59,2031,0.099
p59,2032,0.097
p59,2033,0.108
p59,2034,0.094
p59,2035,0.094
p59,2036,0.094
p59,2037,0.094
p59,2038,0.094
p59,2039,0.094
p59,2040,0.094
p59,2041,0.094
p59,2042,0.094
p59,2043,0.094
p59,2044,0.094
p59,2045,0.094
p59,2046,0.094
p59,2047,0.094
p59,2048,0.094
p59,2049,0.094
p59,2050,0.094
p6,2025,0.163
p6,2026,0.158
p6,2027,0.159
p6,2028,0.154
p6,2029,0.147
p6,2030,0.145
p6,2031,0.143
p6,2032,0.142
p6,2033,0.144
p6,2034,0.138
p6,2035,0.138
p6,2036,0.138
p6,2037,0.138
p6,2038,0.138
p6,2039,0.138
p6,2040,0.138
p6,2041,0.138
p6,2042,0.138
p6,2043,0.138
p6,2044,0.138
p6,2045,0.138
p6,2046,0.138
p6,2047,0.138
p6,2048,0.138
p6,2049,0.138
p6,2050,0.138
p60,2025,0.1375
p60,2026,0.1375
p60,2027,0.1375
p60,2028,0.1375
p60,2029,0.1375
p60,2030,0.1375
p60,2031,0.1375
p60,2032,0.1375
p60,2033,0.1375
p60,2034,0.1375
p60,2035,0.1375
p60,2036,0.1375
p60,2037,0.1375
p60,2038,0.1375
p60,2039,0.1375
p60,2040,0.1375
p60,2041,0.1375
p60,2042,0.1375
p60,2043,0.1375
p60,2044,0.1375
p60,2045,0.1375
p60,2046,0.1375
p60,2047,0.1375
p60,2048,0.1375
p60,2049,0.1375
p60,2050,0.1375
p61,2025,0.1375
p61,2026,0.1375
p61,2027,0.1375
p61,2028,0.1375
p61,2029,0.1375
p61,2030,0.1375
p61,2031,0.1375
p61,2032,0.1375
p61,2033,0.1375
p61,2034,0.1375
p61,2035,0.1375
p61,2036,0.1375
p61,2037,0.1375
p61,2038,0.1375
p61,2039,0.1375
p61,2040,0.1375
p61,2041,0.1375
p61,2042,0.1375
p61,2043,0.1375
p61,2044,0.1375
p61,2045,0.1375
p61,2046,0.1375
p61,2047,0.1375
p61,2048,0.1375
p61,2049,0.1375
p61,2050,0.1375
p62,2025,0.1375
p62,2026,0.1375
p62,2027,0.1375
p62,2028,0.1375
p62,2029,0.1375
p62,2030,0.1375
p62,2031,0.1375
p62,2032,0.1375
p62,2033,0.1375
p62,2034,0.1375
p62,2035,0.1375
p62,2036,0.1375
p62,2037,0.1375
p62,2038,0.1375
p62,2039,0.1375
p62,2040,0.1375
p62,2041,0.1375
p62,2042,0.1375
p62,2043,0.1375
p62,2044,0.1375
p62,2045,0.1375
p62,2046,0.1375
p62,2047,0.1375
p62,2048,0.1375
p62,2049,0.1375
p62,2050,0.1375
p63,2025,0.1375
p63,2026,0.1375
p63,2027,0.1375
p63,2028,0.1375
p63,2029,0.1375
p63,2030,0.1375
p63,2031,0.1375
p63,2032,0.1375
p63,2033,0.1375
p63,2034,0.1375
p63,2035,0.1375
p63,2036,0.1375
p63,2037,0.1375
p63,2038,0.1375
p63,2039,0.1375
p63,2040,0.1375
p63,2041,0.1375
p63,2042,0.1375
p63,2043,0.1375
p63,2044,0.1375
p63,2045,0.1375
p63,2046,0.1375
p63,2047,0.1375
p63,2048,0.1375
p63,2049,0.1375
p63,2050,0.1375
p64,2025,0.1375
p64,2026,0.1375
p64,2027,0.1375
p64,2028,0.1375
p64,2029,0.1375
p64,2030,0.1375
p64,2031,0.1375
p64,2032,0.1375
p64,2033,0.1375
p64,2034,0.1375
p64,2035,0.1375
p64,2036,0.1375
p64,2037,0.1375
p64,2038,0.1375
p64,2039,0.1375
p64,2040,0.1375
p64,2041,0.1375
p64,2042,0.1375
p64,2043,0.1375
p64,2044,0.1375
p64,2045,0.1375
p64,2046,0.1375
p64,2047,0.1375
p64,2048,0.1375
p64,2049,0.1375
p64,2050,0.1375
p65,2025,0.1375
p65,2026,0.1375
p65,2027,0.1375
p65,2028,0.1375
p65,2029,0.1375
p65,2030,0.1375
p65,2031,0.1375
p65,2032,0.1375
p65,2033,0.1375
p65,2034,0.1375
p65,2035,0.1375
p65,2036,0.1375
p65,2037,0.1375
p65,2038,0.1375
p65,2039,0.1375
p65,2040,0.1375
p65,2041,0.1375
p65,2042,0.1375
p65,2043,0.1375
p65,2044,0.1375
p65,2045,0.1375
p65,2046,0.1375
p65,2047,0.1375
p65,2048,0.1375
p65,2049,0.1375
p65,2050,0.1375
p66,2025,0.092
p66,2026,0.094
p66,2027,0.096
p66,2028,0.095
p66,2029,0.094
p66,2030,0.094
p66,2031,0.095
p66,2032,0.096
p66,2033,0.097
p66,2034,0.097
p66,2035,0.097
p66,2036,0.097
p66,2037,0.097
p66,2038,0.097
p66,2039,0.097
p66,2040,0.097
p66,2041,0.097
p66,2042,0.097
p66,2043,0.097
p66,2044,0.097
p66,2045,0.097
p66,2046,0.097
p66,2047,0.097
p66,2048,0.097
p66,2049,0.097
p66,2050,0.097
p67,2025,0.1375
p67,2026,0.1375
p67,2027,0.1375
p67,2028,0.1375
p67,2029,0.1375
p67,2030,0.1375
p67,2031,0.1375
p67,2032,0.1375
p67,2033,0.1375
p67,2034,0.1375
p67,2035,0.1375
p67,2036,0.1375
p67,2037,0.1375
p67,2038,0.1375
p67,2039,0.1375
p67,2040,0.1375
p67,2041,0.1375
p67,2042,0.1375
p67,2043,0.1375
p67,2044,0.1375
p67,2045,0.1375
p67,2046,0.1375
p67,2047,0.1375
p67,2048,0.1375
p67,2049,0.1375
p67,2050,0.1375
p68,2025,0.092
p68,2026,0.094
p68,2027,0.096
p68,2028,0.095
p68,2029,0.094
p68,2030,0.094
p68,2031,0.095
p68,2032,0.096
p68,2033,0.097
p68,2034,0.097
p68,2035,0.097
p68,2036,0.097
p68,2037,0.097
p68,2038,0.097
p68,2039,0.097
p68,2040,0.097
p68,2041,0.097
p68,2042,0.097
p68,2043,0.097
p68,2044,0.097
p68,2045,0.097
p68,2046,0.097
p68,2047,0.097
p68,2048,0.097
p68,2049,0.097
p68,2050,0.097
p69,2025,0.092
p69,2026,0.094
p69,2027,0.096
p69,2028,0.095
p69,2029,0.094
p69,2030,0.094
p69,2031,0.095
p69,2032,0.096
p69,2033,0.097
p69,2034,0.097
p69,2035,0.097
p69,2036,0.097
p69,2037,0.097
p69,2038,0.097
p69,2039,0.097
p69,2040,0.097
p69,2041,0.097
p69,2042,0.097
p69,2043,0.097
p69,2044,0.097
p69,2045,0.097
p69,2046,0.097
p69,2047,0.097
p69,2048,0.097
p69,2049,0.097
p69,2050,0.097
p7,2025,0.163
p7,2026,0.158
p7,2027,0.159
p7,2028,0.154
p7,2029,0.147
p7,2030,0.145
p7,2031,0.143
p7,2032,0.142
p7,2033,0.144
p7,2034,0.138
p7,2035,0.138
p7,2036,0.138
p7,2037,0.138
p7,2038,0.138
p7,2039,0.138
p7,2040,0.138
p7,2041,0.138
p7,2042,0.138
p7,2043,0.138
p7,2044,0.138
p7,2045,0.138
p7,2046,0.138
p7,2047,0.138
p7,2048,0.138
p7,2049,0.138
p7,2050,0.138
p70,2025,0.092
p70,2026,0.094
p70,2027,0.096
p70,2028,0.095
p70,2029,0.094
p70,2030,0.094
p70,2031,0.095
p70,2032,0.096
p70,2033,0.097
p70,2034,0.097
p70,2035,0.097
p70,2036,0.097
p70,2037,0.097
p70,2038,0.097
p70,2039,0.097
p70,2040,0.097
p70,2041,0.097
p70,2042,0.097
p70,2043,0.097
p70,2044,0.097
p70,2045,0.097
p70,2046,0.097
p70,2047,0.097
p70,2048,0.097
p70,2049,0.097
p70,2050,0.097
p71,2025,0.092
p71,2026,0.094
p71,2027,0.096
p71,2028,0.095
p71,2029,0.094
p71,2030,0.094
p71,2031,0.095
p71,2032,0.096
p71,2033,0.097
p71,2034,0.097
p71,2035,0.097
p71,2036,0.097
p71,2037,0.097
p71,2038,0.097
p71,2039,0.097
p71,2040,0.097
p71,2041,0.097
p71,2042,0.097
p71,2043,0.097
p71,2044,0.097
p71,2045,0.097
p71,2046,0.097
p71,2047,0.097
p71,2048,0.097
p71,2049,0.097
p71,2050,0.097
p72,2025,0.092
p72,2026,0.094
p72,2027,0.096
p72,2028,0.095
p72,2029,0.094
p72,2030,0.094
p72,2031,0.095
p72,2032,0.096
p72,2033,0.097
p72,2034,0.097
p72,2035,0.097
p72,2036,0.097
p72,2037,0.097
p72,2038,0.097
p72,2039,0.097
p72,2040,0.097
p72,2041,0.097
p72,2042,0.097
p72,2043,0.097
p72,2044,0.097
p72,2045,0.097
p72,2046,0.097
p72,2047,0.097
p72,2048,0.097
p72,2049,0.097
p72,2050,0.097
p73,2025,0.092
p73,2026,0.094
p73,2027,0.096
p73,2028,0.095
p73,2029,0.094
p73,2030,0.094
p73,2031,0.095
p73,2032,0.096
p73,2033,0.097
p73,2034,0.097
p73,2035,0.097
p73,2036,0.097
p73,2037,0.097
p73,2038,0.097
p73,2039,0.097
p73,2040,0.097
p73,2041,0.097
p73,2042,0.097
p73,2043,0.097
p73,2044,0.097
p73,2045,0.097
p73,2046,0.097
p73,2047,0.097
p73,2048,0.097
p73,2049,0.097
p73,2050,0.097
p74,2025,0.092
p74,2026,0.094
p74,2027,0.096
p74,2028,0.095
p74,2029,0.094
p74,2030,0.094
p74,2031,0.095
p74,2032,0.096
p74,2033,0.097
p74,2034,0.097
p74,2035,0.097
p74,2036,0.097
p74,2037,0.097
p74,2038,0.097
p74,2039,0.097
p74,2040,0.097
p74,2041,0.097
p74,2042,0.097
p74,2043,0.097
p74,2044,0.097
p74,2045,0.097
p74,2046,0.097
p74,2047,0.097
p74,2048,0.097
p74,2049,0.097
p74,2050,0.097
p75,2025,0.092
p75,2026,0.094
p75,2027,0.096
p75,2028,0.095
p75,2029,0.094
p75,2030,0.094
p75,2031,0.095
p75,2032,0.096
p75,2033,0.097
p75,2034,0.097
p75,2035,0.097
p75,2036,0.097
p75,2037,0.097
p75,2038,0.097
p75,2039,0.097
p75,2040,0.097
p75,2041,0.097
p75,2042,0.097
p75,2043,0.097
p75,2044,0.097
p75,2045,0.097
p75,2046,0.097
p75,2047,0.097
p75,2048,0.097
p75,2049,0.097
p75,2050,0.097
p76,2025,0.092
p76,2026,0.094
p76,2027,0.096
p76,2028,0.095
p76,2029,0.094
p76,2030,0.094
p76,2031,0.095
p76,2032,0.096
p76,2033,0.097
p76,2034,0.097
p76,2035,0.097
p76,2036,0.097
p76,2037,0.097
p76,2038,0.097
p76,2039,0.097
p76,2040,0.097
p76,2041,0.097
p76,2042,0.097
p76,2043,0.097
p76,2044,0.097
p76,2045,0.097
p76,2046,0.097
p76,2047,0.097
p76,2048,0.097
p76,2049,0.097
p76,2050,0.097
p77,2025,0.092
p77,2026,0.094
p77,2027,0.096
p77,2028,0.095
p77,2029,0.094
p77,2030,0.094
p77,2031,0.095
p77,2032,0.096
p77,2033,0.097
p77,2034,0.097
p77,2035,0.097
p77,2036,0.097
p77,2037,0.097
p77,2038,0.097
p77,2039,0.097
p77,2040,0.097
p77,2041,0.097
p77,2042,0.097
p77,2043,0.097
p77,2044,0.097
p77,2045,0.097
p77,2046,0.097
p77,2047,0.097
p77,2048,0.097
p77,2049,0.097
p77,2050,0.097
p78,2025,0.092
p78,2026,0.094
p78,2027,0.096
p78,2028,0.095
p78,2029,0.094
p78,2030,0.094
p78,2031,0.095
p78,2032,0.096
p78,2033,0.097
p78,2034,0.097
p78,2035,0.097
p78,2036,0.097
p78,2037,0.097
p78,2038,0.097
p78,2039,0.097
p78,2040,0.097
p78,2041,0.097
p78,2042,0.097
p78,2043,0.097
p78,2044,0.097
p78,2045,0.097
p78,2046,0.097
p78,2047,0.097
p78,2048,0.097
p78,2049,0.097
p78,2050,0.097
p79,2025,0.092
p79,2026,0.094
p79,2027,0.096
p79,2028,0.095
p79,2029,0.094
p79,2030,0.094
p79,2031,0.095
p79,2032,0.096
p79,2033,0.097
p79,2034,0.097
p79,2035,0.097
p79,2036,0.097
p79,2037,0.097
p79,2038,0.097
p79,2039,0.097
p79,2040,0.097
p79,2041,0.097
p79,2042,0.097
p79,2043,0.097
p79,2044,0.097
p79,2045,0.097
p79,2046,0.097
p79,2047,0.097
p79,2048,0.097
p79,2049,0.097
p79,2050,0.097
p8,2025,0.163
p8,2026,0.158
p8,2027,0.159
p8,2028,0.154
p8,2029,0.147
p8,2030,0.145
p8,2031,0.143
p8,2032,0.142
p8,2033,0.144
p8,2034,0.138
p8,2035,0.138
p8,2036,0.138
p8,2037,0.138
p8,2038,0.138
p8,2039,0.138
p8,2040,0.138
p8,2041,0.138
p8,2042,0.138
p8,2043,0.138
p8,2044,0.138
p8,2045,0.138
p8,2046,0.138
p8,2047,0.138
p8,2048,0.138
p8,2049,0.138
p8,2050,0.138
p80,2025,0.177
p80,2026,0.177
p80,2027,0.176
p80,2028,0.176
p80,2029,0.176
p80,2030,0.176
p80,2031,0.176
p80,2032,0.176
p80,2033,0.176
p80,2034,0.176
p80,2035,0.176
p80,2036,0.176
p80,2037,0.176
p80,2038,0.176
p80,2039,0.176
p80,2040,0.176
p80,2041,0.176
p80,2042,0.176
p80,2043,0.176
p80,2044,0.176
p80,2045,0.176
p80,2046,0.176
p80,2047,0.176
p80,2048,0.176
p80,2049,0.176
p80,2050,0.176
p81,2025,0.092
p81,2026,0.094
p81,2027,0.096
p81,2028,0.095
p81,2029,0.094
p81,2030,0.094
p81,2031,0.095
p81,2032,0.096
p81,2033,0.097
p81,2034,0.097
p81,2035,0.097
p81,2036,0.097
p81,2037,0.097
p81,2038,0.097
p81,2039,0.097
p81,2040,0.097
p81,2041,0.097
p81,2042,0.097
p81,2043,0.097
p81,2044,0.097
p81,2045,0.097
p81,2046,0.097
p81,2047,0.097
p81,2048,0.097
p81,2049,0.097
p81,2050,0.097
p82,2025,0.092
p82,2026,0.094
p82,2027,0.096
p82,2028,0.095
p82,2029,0.094
p82,2030,0.094
p82,2031,0.095
p82,2032,0.096
p82,2033,0.097
p82,2034,0.097
p82,2035,0.097
p82,2036,0.097
p82,2037,0.097
p82,2038,0.097
p82,2039,0.097
p82,2040,0.097
p82,2041,0.097
p82,2042,0.097
p82,2043,0.097
p82,2044,0.097
p82,2045,0.097
p82,2046,0.097
p82,2047,0.097
p82,2048,0.097
p82,2049,0.097
p82,2050,0.097
p83,2025,0.092
p83,2026,0.094
p83,2027,0.096
p83,2028,0.095
p83,2029,0.094
p83,2030,0.094
p83,2031,0.095
p83,2032,0.096
p83,2033,0.097
p83,2034,0.097
p83,2035,0.097
p83,2036,0.097
p83,2037,0.097
p83,2038,0.097
p83,2039,0.097
p83,2040,0.097
p83,2041,0.097
p83,2042,0.097
p83,2043,0.097
p83,2044,0.097
p83,2045,0.097
p83,2046,0.097
p83,2047,0.097
p83,2048,0.097
p83,2049,0.097
p83,2050,0.097
p84,2025,0.092
p84,2026,0.094
p84,2027,0.096
p84,2028,0.095
p84,2029,0.094
p84,2030,0.094
p84,2031,0.095
p84,2032,0.096
p84,2033,0.097
p84,2034,0.097
p84,2035,0.097
p84,2036,0.097
p84,2037,0.097
p84,2038,0.097
p84,2039,0.097
p84,2040,0.097
p84,2041,0.097
p84,2042,0.097
p84,2043,0.097
p84,2044,0.097
p84,2045,0.097
p84,2046,0.097
p84,2047,0.097
p84,2048,0.097
p84,2049,0.097
p84,2050,0.097
p85,2025,0.092
p85,2026,0.094
p85,2027,0.096
p85,2028,0.095
p85,2029,0.094
p85,2030,0.094
p85,2031,0.095
p85,2032,0.096
p85,2033,0.097
p85,2034,0.097
p85,2035,0.097
p85,2036,0.097
p85,2037,0.097
p85,2038,0.097
p85,2039,0.097
p85,2040,0.097
p85,2041,0.097
p85,2042,0.097
p85,2043,0.097
p85,2044,0.097
p85,2045,0.097
p85,2046,0.097
p85,2047,0.097
p85,2048,0.097
p85,2049,0.097
p85,2050,0.097
p86,2025,0.092
p86,2026,0.094
p86,2027,0.096
p86,2028,0.095
p86,2029,0.094
p86,2030,0.094
p86,2031,0.095
p86,2032,0.096
p86,2033,0.097
p86,2034,0.097
p86,2035,0.097
p86,2036,0.097
p86,2037,0.097
p86,2038,0.097
p86,2039,0.097
p86,2040,0.097
p86,2041,0.097
p86,2042,0.097
p86,2043,0.097
p86,2044,0.097
p86,2045,0.097
p86,2046,0.097
p86,2047,0.097
p86,2048,0.097
p86,2049,0.097
p86,2050,0.097
p87,2025,0.092
p87,2026,0.094
p87,2027,0.096
p87,2028,0.095
p87,2029,0.094
p87,2030,0.094
p87,2031,0.095
p87,2032,0.096
p87,2033,0.097
p87,2034,0.097
p87,2035,0.097
p87,2036,0.097
p87,2037,0.097
p87,2038,0.097
p87,2039,0.097
p87,2040,0.097
p87,2041,0.097
p87,2042,0.097
p87,2043,0.097
p87,2044,0.097
p87,2045,0.097
p87,2046,0.097
p87,2047,0.097
p87,2048,0.097
p87,2049,0.097
p87,2050,0.097
p88,2025,0.15
p88,2026,0.15
p88,2027,0.15
p88,2028,0.15
p88,2029,0.15
p88,2030,0.15
p88,2031,0.15
p88,2032,0.15
p88,2033,0.15
p88,2034,0.15
p88,2035,0.15
p88,2036,0.15
p88,2037,0.15
p88,2038,0.15
p88,2039,0.15
p88,2040,0.15
p88,2041,0.15
p88,2042,0.15
p88,2043,0.15
p88,2044,0.15
p88,2045,0.15
p88,2046,0.15
p88,2047,0.15
p88,2048,0.15
p88,2049,0.15
p88,2050,0.15
p89,2025,0.15
p89,2026,0.15
p89,2027,0.15
p89,2028,0.15
p89,2029,0.15
p89,2030,0.15
p89,2031,0.15
p89,2032,0.15
p89,2033,0.15
p89,2034,0.15
p89,2035,0.15
p89,2036,0.15
p89,2037,0.15
p89,2038,0.15
p89,2039,0.15
p89,2040,0.15
p89,2041,0.15
p89,2042,0.15
p89,2043,0.15
p89,2044,0.15
p89,2045,0.15
p89,2046,0.15
p89,2047,0.15
p89,2048,0.15
p89,2049,0.15
p89,2050,0.15
p9,2025,0.174
p9,2026,0.174
p9,2027,0.164
p9,2028,0.174
p9,2029,0.166
p9,2030,0.164
p9,2031,0.161
p9,2032,0.163
p9,2033,0.149
p9,2034,0.153
p9,2035,0.153
p9,2036,0.153
p9,2037,0.153
p9,2038,0.153
p9,2039,0.153
p9,2040,0.153
p9,2041,0.153
p9,2042,0.153
p9,2043,0.153
p9,2044,0.153
p9,2045,0.153
p9,2046,0.153
p9,2047,0.153
p9,2048,0.153
p9,2049,0.153
p9,2050,0.153
p90,2025,0.15
p90,2026,0.15
p90,2027,0.15
p90,2028,0.15
p90,2029,0.15
p90,2030,0.15
p90,2031,0.15
p90,2032,0.15
p90,2033,0.15
p90,2034,0.15
p90,2035,0.15
p90,2036,0.15
p90,2037,0.15
p90,2038,0.15
p90,2039,0.15
p90,2040,0.15
p90,2041,0.15
p90,2042,0.15
p90,2043,0.15
p90,2044,0.15
p90,2045,0.15
p90,2046,0.15
p90,2047,0.15
p90,2048,0.15
p90,2049,0.15
p90,2050,0.15
p91,2025,0.15
p91,2026,0.15
p91,2027,0.15
p91,2028,0.15
p91,2029,0.15
p91,2030,0.15
p91,2031,0.15
p91,2032,0.15
p91,2033,0.15
p91,2034,0.15
p91,2035,0.15
p91,2036,0.15
p91,2037,0.15
p91,2038,0.15
p91,2039,0.15
p91,2040,0.15
p91,2041,0.15
p91,2042,0.15
p91,2043,0.15
p91,2044,0.15
p91,2045,0.15
p91,2046,0.15
p91,2047,0.15
p91,2048,0.15
p91,2049,0.15
p91,2050,0.15
p92,2025,0.15
p92,2026,0.15
p92,2027,0.15
p92,2028,0.15
p92,2029,0.15
p92,2030,0.15
p92,2031,0.15
p92,2032,0.15
p92,2033,0.15
p92,2034,0.15
p92,2035,0.15
p92,2036,0.15
p92,2037,0.15
p92,2038,0.15
p92,2039,0.15
p92,2040,0.15
p92,2041,0.15
p92,2042,0.15
p92,2043,0.15
p92,2044,0.15
p92,2045,0.15
p92,2046,0.15
p92,2047,0.15
p92,2048,0.15
p92,2049,0.15
p92,2050,0.15
p93,2025,0.15
p93,2026,0.15
p93,2027,0.15
p93,2028,0.15
p93,2029,0.15
p93,2030,0.15
p93,2031,0.15
p93,2032,0.15
p93,2033,0.15
p93,2034,0.15
p93,2035,0.15
p93,2036,0.15
p93,2037,0.15
p93,2038,0.15
p93,2039,0.15
p93,2040,0.15
p93,2041,0.15
p93,2042,0.15
p93,2043,0.15
p93,2044,0.15
p93,2045,0.15
p93,2046,0.15
p93,2047,0.15
p93,2048,0.15
p93,2049,0.15
p93,2050,0.15
p94,2025,0.15
p94,2026,0.15
p94,2027,0.15
p94,2028,0.15
p94,2029,0.15
p94,2030,0.15
p94,2031,0.15
p94,2032,0.15
p94,2033,0.15
p94,2034,0.15
p94,2035,0.15
p94,2036,0.15
p94,2037,0.15
p94,2038,0.15
p94,2039,0.15
p94,2040,0.15
p94,2041,0.15
p94,2042,0.15
p94,2043,0.15
p94,2044,0.15
p94,2045,0.15
p94,2046,0.15
p94,2047,0.15
p94,2048,0.15
p94,2049,0.15
p94,2050,0.15
p95,2025,0.15
p95,2026,0.15
p95,2027,0.15
p95,2028,0.15
p95,2029,0.15
p95,2030,0.15
p95,2031,0.15
p95,2032,0.15
p95,2033,0.15
p95,2034,0.15
p95,2035,0.15
p95,2036,0.15
p95,2037,0.15
p95,2038,0.15
p95,2039,0.15
p95,2040,0.15
p95,2041,0.15
p95,2042,0.15
p95,2043,0.15
p95,2044,0.15
p95,2045,0.15
p95,2046,0.15
p95,2047,0.15
p95,2048,0.15
p95,2049,0.15
p95,2050,0.15
p96,2025,0.15
p96,2026,0.15
p96,2027,0.15
p96,2028,0.15
p96,2029,0.15
p96,2030,0.15
p96,2031,0.15
p96,2032,0.15
p96,2033,0.15
p96,2034,0.15
p96,2035,0.15
p96,2036,0.15
p96,2037,0.15
p96,2038,0.15
p96,2039,0.15
p96,2040,0.15
p96,2041,0.15
p96,2042,0.15
p96,2043,0.15
p96,2044,0.15
p96,2045,0.15
p96,2046,0.15
p96,2047,0.15
p96,2048,0.15
p96,2049,0.15
p96,2050,0.15
p97,2025,0.15
p97,2026,0.15
p97,2027,0.15
p97,2028,0.15
p97,2029,0.15
p97,2030,0.15
p97,2031,0.15
p97,2032,0.15
p97,2033,0.15
p97,2034,0.15
p97,2035,0.15
p97,2036,0.15
p97,2037,0.15
p97,2038,0.15
p97,2039,0.15
p97,2040,0.15
p97,2041,0.15
p97,2042,0.15
p97,2043,0.15
p97,2044,0.15
p97,2045,0.15
p97,2046,0.15
p97,2047,0.15
p97,2048,0.15
p97,2049,0.15
p97,2050,0.15
p98,2025,0.15
p98,2026,0.15
p98,2027,0.15
p98,2028,0.15
p98,2029,0.15
p98,2030,0.15
p98,2031,0.15
p98,2032,0.15
p98,2033,0.15
p98,2034,0.15
p98,2035,0.15
p98,2036,0.15
p98,2037,0.15
p98,2038,0.15
p98,2039,0.15
p98,2040,0.15
p98,2041,0.15
p98,2042,0.15
p98,2043,0.15
p98,2044,0.15
p98,2045,0.15
p98,2046,0.15
p98,2047,0.15
p98,2048,0.15
p98,2049,0.15
p98,2050,0.15
p99,2025,0.177
p99,2026,0.177
p99,2027,0.176
p99,2028,0.176
p99,2029,0.176
p99,2030,0.176
p99,2031,0.176
p99,2032,0.176
p99,2033,0.176
p99,2034,0.176
p99,2035,0.176
p99,2036,0.176
p99,2037,0.176
p99,2038,0.176
p99,2039,0.176
p99,2040,0.176
p99,2041,0.176
p99,2042,0.176
p99,2043,0.176
p99,2044,0.176
p99,2045,0.176
p99,2046,0.176
p99,2047,0.176
p99,2048,0.176
p99,2049,0.176
p99,2050,0.176
